{
    "metadata":{
        "uv":24,
        "type":"BufferGeometry",
        "version":3,
        "position":24,
        "normal":24,
        "generator":"io_three"
    },
    "data":{
        "attributes":{
            "uv":{
                "array":[0.74948,0.499094,0.498596,0.250068,0.748551,0.249139,0.499525,0.500023,0.250499,0.750907,0.24957,0.500952,0.500454,0.749978,0.751338,0.999004,0.501383,0.999933,0.750409,0.749049,0.999435,0.498165,1.00036,0.748119,0.250499,0.750907,-0.000385165,0.501881,0.24957,0.500952,0.499525,0.500023,0.750409,0.749049,0.500454,0.749978,0.499525,0.500023,0.500454,0.749978,0.750409,0.749049,0.74948,0.499094,0.000544131,0.751836,0.74948,0.499094],
                "type":"Float32Array",
                "itemSize":2
            },
            "normal":{
                "array":[-1,0,0,-1,0,0,-1,0,0,0,-5.96046e-08,-1,0,-5.96046e-08,-1,0,-5.96046e-08,-1,1,-0,0,1,-0,0,1,-0,0,0,2.98023e-08,1,0,2.98023e-08,1,0,2.98023e-08,1,0,-1,0,0,-1,0,0,-1,0,0,1,-2.98023e-08,0,1,-2.98023e-08,0,1,-2.98023e-08,-1,0,0,-0,-5.96046e-08,-1,1,0,0,-0,2.98023e-08,1,0,-1,0,0,1,-2.98023e-08],
                "type":"Float32Array",
                "itemSize":3
            },
            "position":{
                "array":[-1.14691,0.961447,0.956394,-1.14691,-1.03855,-1.04361,-1.14691,-1.03855,0.956394,-1.14691,0.961447,-1.04361,0.853086,-1.03855,-1.04361,-1.14691,-1.03855,-1.04361,0.853086,0.961447,-1.04361,0.853086,-1.03855,0.956394,0.853086,-1.03855,-1.04361,0.853086,0.961447,0.956394,-1.14691,-1.03855,0.956394,0.853086,-1.03855,0.956394,0.853086,-1.03855,-1.04361,-1.14691,-1.03855,0.956394,-1.14691,-1.03855,-1.04361,-1.14691,0.961447,-1.04361,0.853086,0.961447,0.956394,0.853086,0.961447,-1.04361,-1.14691,0.961447,-1.04361,0.853086,0.961447,-1.04361,0.853086,0.961447,0.956394,-1.14691,0.961447,0.956394,0.853086,-1.03855,0.956394,-1.14691,0.961447,0.956394],
                "type":"Float32Array",
                "itemSize":3
            }
        },
        "index":{
            "array":[0,1,2,3,4,5,6,7,8,9,10,11,12,13,14,15,16,17,0,18,1,3,19,4,6,20,7,9,21,10,12,22,13,15,23,16],
            "type":"Uint16Array",
            "itemSize":1
        },
        "groups":[{
            "count":36,
            "start":0,
            "materialIndex":0
        }]
    }
}